,exFINg,CapXg
exFINg,1.0,0.06624688759698906
CapXg,0.06624688759698906,1.0
