,Accruals,CFOg
Accruals,1.0,-0.030518474796788007
CFOg,-0.030518474796788007,1.0
